<?xml version="1.0" encoding="UTF-8"?>
<project-private xmlns="http://www.netbeans.org/ns/project-private/1">
    <editor-bookmarks xmlns="http://www.netbeans.org/ns/editor-bookmarks/2" lastBookmarkId="0"/>
    <open-files xmlns="http://www.netbeans.org/ns/projectui-open-files/2">
        <group>
            <file>file:/D:/College%20Information/UAB/EE433%20Engineering%20Software%20Solutions%20-%20Fall%202021/Assignments/Restaraunt%20Management/RestarauntManagement/src/RMS/Base/Order.java</file>
            <file>file:/D:/College%20Information/UAB/EE433%20Engineering%20Software%20Solutions%20-%20Fall%202021/Assignments/Restaraunt%20Management/RestarauntManagement/src/RMS/WaitstaffClient/WaitstaffFrame.java</file>
            <file>file:/D:/College%20Information/UAB/EE433%20Engineering%20Software%20Solutions%20-%20Fall%202021/Assignments/Restaraunt%20Management/RestarauntManagement/src/RMS/server/MySQLConnection.java</file>
            <file>file:/D:/College%20Information/UAB/EE433%20Engineering%20Software%20Solutions%20-%20Fall%202021/Assignments/Restaraunt%20Management/RestarauntManagement/src/RMS/WaitstaffClient/EntreeMenu.java</file>
            <file>file:/D:/College%20Information/UAB/EE433%20Engineering%20Software%20Solutions%20-%20Fall%202021/Assignments/Restaraunt%20Management/RestarauntManagement/src/RMS/server/EntreeMenu.java</file>
            <file>file:/D:/College%20Information/UAB/EE433%20Engineering%20Software%20Solutions%20-%20Fall%202021/Assignments/Restaraunt%20Management/RestarauntManagement/src/RMS/Base/EntreeMenu.java</file>
            <file>file:/D:/College%20Information/UAB/EE433%20Engineering%20Software%20Solutions%20-%20Fall%202021/Assignments/Restaraunt%20Management/RestarauntManagement/src/RMS/server/Order.java</file>
            <file>file:/D:/College%20Information/UAB/EE433%20Engineering%20Software%20Solutions%20-%20Fall%202021/Assignments/Restaraunt%20Management/RestarauntManagement/src/RMS/server/MySQLConnectionForm.java</file>
            <file>file:/D:/College%20Information/UAB/EE433%20Engineering%20Software%20Solutions%20-%20Fall%202021/Assignments/Restaraunt%20Management/RestarauntManagement/src/RMS/WaitstaffClient/Order.java</file>
        </group>
    </open-files>
</project-private>
