<?xml version="1.0" encoding="UTF-8"?>
<project-private xmlns="http://www.netbeans.org/ns/project-private/1">
    <editor-bookmarks xmlns="http://www.netbeans.org/ns/editor-bookmarks/2" lastBookmarkId="0"/>
    <open-files xmlns="http://www.netbeans.org/ns/projectui-open-files/2">
        <group>
            <file>file:/C:/Users/roman/OneDrive/Documents/School/Senior%20Year%202%20Fall/EE%20433/RMS%20System/Delivery%20and%20Waiter/RMS_System/src/Delivery_NotificationJFrame.java</file>
            <file>file:/C:/Users/roman/OneDrive/Documents/School/Senior%20Year%202%20Fall/EE%20433/RMS%20System/Delivery%20and%20Waiter/RMS_System/src/DeliveryJFrame.java</file>
            <file>file:/C:/Users/roman/OneDrive/Documents/School/Senior%20Year%202%20Fall/EE%20433/RMS%20System/Delivery%20and%20Waiter/RMS_System/src/Delivery_ChangesJFrame.java</file>
            <file>file:/C:/Users/roman/OneDrive/Documents/School/Senior%20Year%202%20Fall/EE%20433/RMS%20System/Delivery%20and%20Waiter/RMS_System/src/Delivery_NotificationJPanel.java</file>
            <file>file:/C:/Users/roman/OneDrive/Documents/School/Senior%20Year%202%20Fall/EE%20433/RMS%20System/Delivery%20and%20Waiter/RMS_System/src/Delivery_ChangesJPanel.java</file>
            <file>file:/C:/Users/roman/OneDrive/Documents/School/Senior%20Year%202%20Fall/EE%20433/RMS%20System/Delivery%20and%20Waiter/RMS_System/src/DeliveryJPanel.java</file>
        </group>
    </open-files>
</project-private>
